
{
    "region" : "eu-north-1",
    "configuration" : "Debug",
    "framework"     : "net7.0",
    "self-contained" : true,
    "application"    : "MPP",
    "environment"    : "MPP-prod",
    "enable-xray"    : false,
    "enhanced-health-type" : "basic",
    "additional-options"   : "\"aws:autoscaling:launchconfiguration,SecurityGroups\"=\"sg-065f6fe1acfde7646\";\"aws:ec2:vpc,Subnets\"=\"subnet-040c4abab722b4969\"",
    "solution-stack"       : "64bit Amazon Linux 2 v2.5.1 running .NET Core",
    "environment-type"     : "SingleInstance",
    "cname"                : "mpp-prod",
    "instance-type"        : "t2.micro",
    "key-pair"             : "",
    "instance-profile"     : "aws-elasticbeanstalk-ec2-role",
    "service-role"         : "aws-elasticbeanstalk-service-role",
    "proxy-server"         : "nginx"
}